{
  "claude_expA_during_gen_v1_2_humaneval": {
    "pass_at_1": 1.0,
    "auroc": 1.0,
    "tpr_values": {
      "T@0%F": 1.0,
      "T@1%F": 1.0,
      "T@5%F": 1.0,
      "T@10%F": 1.0
    },
    "codebleu": {
      "mean": 0.2526550361710452,
      "std": 0.054328877745166204,
      "min": 0.19832615842587897,
      "max": 0.3069839139162114,
      "count": 2,
      "scores": [
        0.3069839139162114,
        0.19832615842587897
      ],
      "mode": "full",
      "ast_weight": 1.0,
      "dataflow_weight": 1.0,
      "ast_mean": 0.37202380952380953,
      "dataflow_mean": 0.3946360153256705
    }
  }
}