task_id,filename,em,bleu,wbleu,syntax,dataflow,codebleu
590,590.py,0.0,0.004792230160209378,0.024845032688066895,0.34782608695652173,0.5789473684210527,0.4633867276887872
776,776.py,0.0,0.02469498461595186,0.039983850666173666,0.3770491803278688,0.38461538461538464,0.3808322824716267
