,Chars_for_80%,Actual_Coverage
mbpp,12.0,0.8246719160104987
classEval,14.0,0.8202179176755447
humanevalplus,14.0,0.8131061820021928
humaneval,12.0,0.8102310231023102
COMBINED,14.0,0.8178526841448189
