task_id,filename,em,bleu,wbleu,syntax,dataflow,codebleu
590,590.py,0.0,0.004792230160209378,0.024845032688066895,0.34782608695652173,0.5789473684210527,0.23910267955646267
776,776.py,0.0,0.02469498461595186,0.039983850666173666,0.3770491803278688,0.4358974358974359,0.21940636287685755
